{
    "loss": 14.875404357910156,
    "accuracy": 0.5686274766921997
}