{
    "loss": 28.64257049560547,
    "accuracy": 0.4313725531101227
}